,83
Â¡Ãšltima oportunidad! Ahorra un 35% en juegos de Mario seleccionados. La oferta finaliza el 13 de mar,44
Â¡La Temporada de Mario ya estÃ¡ aquÃ­! Â¡El Circuito Tokio 4 prepararÃ¡ el escenario para algunas carrer,30
,60
"Â¡Ya estÃ¡ disponible la Ãºltima entrega de Un DÃ­a con los HÃ©roes, el manga en lÃ­nea de Fire Emblem Her",8
Â¡Arriesga todo en la batalla y consigue una gloriosa victoria!,21
AquÃ­ un consejo de expertos:,172
Â¡AnÃ­mense a comenzar un gran fin de semana!,37
El nuevo modo Speed Golf de Mario Golf: Super Rush es un verdadero desafÃ­o. Todo el mundo empezarÃ¡ a,47
Todo estÃ¡ en las caderas. ğŸŒï¸â€â™‚ï¸,43
"Â¡Ya estÃ¡ disponible la Ãºltima entrega de Un DÃ­a con los HÃ©roes, el manga en lÃ­nea de Fire Emblem Her",5
"Â¡SiÃ©ntate, relÃ¡jate y disfruta de un domingo perezoso con este UFO! â˜•

Descubre mÃ¡s informaciÃ³n de P",9
"Como febrero estÃ¡ a punto de terminar, Â¡aquÃ­ tienen un adelanto de lo que viene en marzo en Animal C",8
"Seth, Gloria, Elvis y Adelle, cuatro nuevos HÃ©roes de la Luz reunidos por el destino para salvar el ",16
DisfrÃ¡zate de algunos de tus personajes favoritos del Reino ChampiÃ±Ã³n y decora tu isla de Animal Cro,53
"Toad pingÃ¼ino hace su debut en la primera mitad de la Temporada nevada, Â¡junto con el regreso de Lui",17
,7
Â¡Ya estÃ¡ disponible la Temporada nevada en Mario Kart Tour! Â¡Haz saltos de impulso para destrozar la,26
"Â¡Ya estÃ¡ disponible la Ãºltima entrega de Un DÃ­a con los HÃ©roes, el manga en lÃ­nea de Fire Emblem Her",34
Â¡Ya estÃ¡ disponible Super Mario 3D World + Bowser's Fury! Forma un equipo con hasta tres amigos y ex,101
El Nintendo Direct comienza pronto. Sintoniza el livestream de 50 minutos de informaciÃ³n centrada en,222
"Â¡Ya estÃ¡ disponible la Ãºltima entrega de Un DÃ­a con los HÃ©roes, el manga en lÃ­nea de Fire Emblem Her",29
Sintoniza maÃ±ana 17 de febrero a las 4:00 p.m. (hora del Centro de MÃ©xico) la transmisiÃ³n de un Nint,1034
Â¡Feliz 14 de Febrero!,220
Â¿QuiÃ©nes son las protagonistas de la primera mitad de la temporada? Â¡Lo adivinaron! Â¡Peach (nupcial),25
Estos preciosos trajes son perfectos para crear recuerdos en Animal Crossing: Pocket Camp.,6
"Â¡Hola, amigos! El dÃ­a 15 es el Carnaval y tendremos un invitado sÃºper divertido... Â¡Conga, campeÃ³n i",9
"Â¡Feliz DÃ­a de San ValentÃ­n desde el mundo de Fire Emblem Heroes!

Algunos de los HÃ©roes han hecho ta",25
"Ya casi es el DÃ­a de San ValentÃ­n, pero dos princesas comienzan una rivalidad amistosa. Â¡Es la Tempo",23
"Â¿QuiÃ©n estÃ¡ listo para este momento?

https://supermario3dworld.nintendo.com/es/",56
"Â¡Ya estÃ¡ disponible la Ãºltima entrega de Un DÃ­a con los HÃ©roes, el manga en lÃ­nea de Fire Emblem Her",51
Â¡Feliz 20Âº aniversario de Paper Mario! Â¿CuÃ¡l es tu recuerdo favorito de Paper Mario a lo largo de lo,163
Â¿Acaso hay un par de gatitos corriendo por el Prado Rosquilla? Â¡Ya estÃ¡ disponible la Temporada feli,34
